<?xml version="1.0" encoding="UTF-8"?>
<project-private xmlns="http://www.netbeans.org/ns/project-private/1">
    <editor-bookmarks xmlns="http://www.netbeans.org/ns/editor-bookmarks/2" lastBookmarkId="0"/>
    <open-files xmlns="http://www.netbeans.org/ns/projectui-open-files/2">
        <group>
            <file>file:/C:/Users/ronal/OneDrive/Documentos/NetBeansProjects/InventoryModul/web/invClsstageitems/Edit.xhtml</file>
            <file>file:/C:/Users/ronal/OneDrive/Documentos/NetBeansProjects/InventoryModul/web/invClsstageitems/Create.xhtml</file>
            <file>file:/C:/Users/ronal/OneDrive/Documentos/NetBeansProjects/InventoryModul/web/index.xhtml</file>
            <file>file:/C:/Users/ronal/OneDrive/Documentos/NetBeansProjects/InventoryModul/web/template.xhtml</file>
        </group>
    </open-files>
</project-private>
